cell,state,outcome,depth,sample_n,coverage_fraction,mean_error_norm,mean_signed_error_norm,mean_width_norm,mean_error_over_half_width,acs_se_norm,acs_moe90_norm,median_estimate_range_norm,epistemic_width_range_norm
ca:commute:age25_34,ca,commute,1,33809,0.0,0.043333333333333335,0.043333333333333335,0.06666666666666667,1.3055555555555554,0.0,0.0,0.01,0.020000000000000004
ca:commute:age25_34+female,ca,commute,2,15387,0.3333333333333333,0.12962962962962962,0.12962962962962962,0.1259259259259259,2.625,0.0,0.0,0.07777777777777778,0.11111111111111112
ca:commute:age55_64,ca,commute,1,26819,0.3333333333333333,0.09333333333333334,0.09333333333333334,0.11333333333333334,1.75,0.061806148561449774,0.10166206762920219,0.05,0.06000000000000001
ca:commute:female,ca,commute,1,70891,0.0,0.1388888888888889,0.1388888888888889,0.10714285714285714,2.6222222222222222,0.0,0.0,0.011904761904761904,0.023809523809523808
ca:commute:female+age55_64,ca,commute,2,12490,0.0,0.12411347517730498,0.12411347517730498,0.08865248226950355,3.6111111111111107,0.0,0.0,0.031914893617021274,0.08510638297872339
ca:commute:marginal,ca,commute,0,153782,0.0,0.15,0.15,0.09333333333333334,3.3333333333333335,0.0,0.0,0.02,0.039999999999999994
ca:income:marginal,ca,income,0,138412,1.0,0.003157063930544593,0.003157063930544593,0.03183372796632466,0.2060215053763441,0.0026094015505887832,0.004292083604658756,0.0,0.014996053670086818
ca:income:renter,ca,income,1,80630,0.3333333333333333,0.030117458086537496,-0.030117458086537496,0.06023491617307499,1.0555555555555556,0.0,0.0,0.010039152695512499,0.040156610782049997
ca:income:size1,ca,income,1,33212,0.6666666666666666,0.026770178021683844,-0.026770178021683844,0.0992727434970776,0.6439775910364146,0.004695548557049844,0.007723490074590187,0.036808994779815286,0.05019408379065721
ca:income:size24,ca,income,1,88212,1.0,0.008475602373168665,-0.008475602373168665,0.08354522339266256,0.23885918003565063,8.122295595713003e-05,0.00013359987369780503,0.01452960406828914,0.0472212132219397
ca:income:size24+renter,ca,income,2,48140,0.6666666666666666,0.039000609384521635,-0.039000609384521635,0.10207190737355272,0.8853333333333334,0.0034658912080811227,0.005700883724231455,0.027422303473491772,0.05484460694698355
ca:wages:age25_34,ca,wages,1,41834,1.0,0.01141552511415525,0.01141552511415525,0.1084474885844749,0.17777777777777778,0.00019144417615580392,0.00031489764750861066,0.03424657534246575,0.059931506849315086
ca:wages:age25_34+female,ca,wages,2,19817,0.6666666666666666,0.019047619047619046,-0.019047619047619046,0.07619047619047618,0.6074074074074075,0.005039526306789697,0.00828928312384039,0.01904761904761905,0.047619047619047616
ca:wages:age25_34+female+bach,ca,wages,3,11062,1.0,0.04040404040404041,-0.04040404040404041,0.11616161616161617,0.7294685990338164,0.002395664894066954,0.003940518089966344,0.030303030303030304,0.10606060606060608
ca:wages:age55_64,ca,wages,1,31764,1.0,0.01616161616161616,-0.01616161616161616,0.0909090909090909,0.404040404040404,0.0035855028988482523,0.005897627447615565,0.012121212121212121,0.06666666666666667
ca:wages:age55_64+bach,ca,wages,2,12785,0.0,0.08002936857562408,-0.08002936857562408,0.09985315712187959,1.7282051282051283,0.0,0.0,0.0022026431718061676,0.05286343612334801
ca:wages:bach,ca,wages,1,80141,0.6666666666666666,0.055833333333333325,-0.055833333333333325,0.09333333333333334,1.5658695652173913,0.0,0.0,0.02,0.08499999999999999
ca:wages:female,ca,wages,1,89077,1.0,0.009594298245614035,-0.001370614035087719,0.10005482456140351,0.17948717948717952,0.000551661507606856,0.0009074024316366542,0.028782894736842105,0.02055921052631579
ca:wages:female+bach,ca,wages,2,40860,0.0,0.07676767676767676,-0.07676767676767676,0.07474747474747474,2.169871794871795,0.0,0.0,0.048484848484848485,0.048484848484848485
ca:wages:marginal,ca,wages,0,187633,1.0,0.012380952380952381,-0.007619047619047619,0.06904761904761905,0.43209876543209874,0.0,0.0,0.022857142857142857,0.05714285714285715
ny:commute:age25_34,ny,commute,1,17201,1.0,0.0,0.0,0.12,0.0,0.0,0.0,0.0,0.08
ny:commute:age25_34+female,ny,commute,2,8320,1.0,0.02666666666666667,-0.013333333333333334,0.13333333333333333,0.38888888888888884,0.0,0.0,0.06,0.04000000000000001
ny:commute:age55_64,ny,commute,1,16188,1.0,0.02666666666666667,-0.02666666666666667,0.11333333333333333,0.5499999999999999,0.08366600265340755,0.13761832791698891,0.02,0.08
ny:commute:female,ny,commute,1,40623,0.0,0.0705128205128205,0.0705128205128205,0.08974358974358974,1.5833333333333333,0.0,0.0,0.009615384615384616,0.019230769230769232
ny:commute:female+age55_64,ny,commute,2,8094,0.3333333333333333,0.06666666666666667,0.06666666666666667,0.10999999999999999,1.1851851851851851,0.0,0.0,0.04,0.03
ny:commute:marginal,ny,commute,0,83093,1.0,0.026143790849673203,0.026143790849673203,0.0849673202614379,0.6,0.015188169985127125,0.02498231648679184,0.0392156862745098,0.0196078431372549
ny:income:marginal,ny,income,0,78891,1.0,0.0009845288326300985,0.0009845288326300985,0.02461322081575246,0.10476190476190476,0.002260753036185718,0.003718607831211631,0.002109704641350211,0.023206751054852322
ny:income:renter,ny,income,1,49292,0.3333333333333333,0.04075182967398536,-0.04075182967398536,0.046573519627411845,1.9065934065934063,0.0007630815794124885,0.0012551575035564895,0.014970059880239521,0.029940119760479035
ny:income:size1,ny,income,1,23208,1.0,0.021521906225980016,-0.018447348193697158,0.09351780681527029,0.524327485380117,0.005847573769693965,0.009618402923947411,0.03843197540353574,0.042275172943889314
ny:income:size24,ny,income,1,48838,1.0,0.0274079874706343,-0.0274079874706343,0.07047768206734534,0.7907840951319213,0.0018369152867251215,0.0030214567717724195,0.011746280344557557,0.03915426781519185
ny:income:size24+renter,ny,income,2,28342,0.0,0.08894683470954656,-0.08894683470954656,0.07388092133854846,2.41541394335512,0.003318813365030536,0.005458962200645498,0.017383746197305518,0.00869187309865277
ny:wages:age25_34,ny,wages,1,20818,1.0,0.02592912705272256,0.014405070584845865,0.09507346585998272,0.5888888888888889,0.0033474359085630223,0.005506042095187484,0.06050129645635264,0.06050129645635262
ny:wages:age25_34+female,ny,wages,2,10366,0.3333333333333333,0.05401234567901234,-0.05401234567901234,0.1234567901234568,0.9648484848484848,0.006517755637177062,0.010720753999394093,0.06944444444444445,0.050925925925925944
ny:wages:age25_34+female+bach,ny,wages,3,6614,0.6666666666666666,0.05333333333333334,-0.05333333333333334,0.12266666666666666,0.8840336134453782,0.0,0.0,0.056,0.024000000000000007
ny:wages:age55_64,ny,wages,1,18710,1.0,0.00962000962000962,0.0,0.0986050986050986,0.18412698412698414,0.010075209266788558,0.016572244504772245,0.02886002886002886,0.021645021645021648
ny:wages:age55_64+bach,ny,wages,2,7390,0.0,0.06651017214397496,-0.06651017214397496,0.08607198748043819,1.6016793190706233,0.0018183020404729656,0.0029908407061652203,0.02112676056338028,0.04225352112676056
ny:wages:bach,ny,wages,1,45353,1.0,0.0432780847145488,-0.0432780847145488,0.08931860036832412,0.9637601402307284,0.0030260914779290946,0.004977477542958612,0.019337016574585635,0.03038674033149172
ny:wages:female,ny,wages,1,50085,1.0,0.0211864406779661,-0.0211864406779661,0.0635593220338983,0.6599206349206349,0.006699740805441482,0.011020092963465199,0.012711864406779662,0.008474576271186439
ny:wages:female+bach,ny,wages,2,24371,0.0,0.07011494252873564,-0.07011494252873564,0.09195402298850575,1.523076923076923,0.0,0.0,0.02413793103448276,0.020689655172413793
ny:wages:marginal,ny,wages,0,99944,1.0,0.014265335235378032,-0.004755111745126011,0.12482168330955778,0.23589341692789967,0.0,0.0,0.028530670470756064,0.05349500713266761
