cell,state,outcome,depth,dims,sample_n,log10_sample_n,gold_q50,gold_iqr,q50_se,q50_se_norm,q50_moe90,q50_moe90_norm,mean_median_mae_norm,mean_median_signed_norm,mean_q10_mae_norm,mean_q90_mae_norm,p50_min,p50_max,p50_range_norm,p50_sd_norm
ca:commute:age25_34,ca,commute,1,age25_34,33809,4.529032325426976,25.0,50.0,0.0,0.0,0.0,0.0,0.04,0.04,0.013333333333333334,0.013333333333333334,27.0,27.0,0.0,0.0
ca:commute:age25_34+female,ca,commute,2,age25_34+female,15387,4.187153953785416,20.0,45.0,0.0,0.0,0.0,0.0,0.15555555555555556,0.15555555555555556,0.014814814814814815,0.1111111111111111,26.0,28.0,0.044444444444444446,0.018144368465060578
ca:commute:age55_64,ca,commute,1,age55_64,26819,4.428442580279988,22.0,50.0,3.0903074280724887,0.061806148561449774,5.083103381460109,0.10166206762920219,0.09999999999999999,0.09999999999999999,0.006666666666666667,0.016666666666666666,26.0,28.0,0.04,0.01632993161855452
ca:commute:female,ca,commute,1,female,70891,4.8505911026239845,20.0,42.0,0.0,0.0,0.0,0.0,0.14285714285714285,0.14285714285714285,0.047619047619047616,0.23809523809523805,25.0,27.0,0.047619047619047616,0.019440394783993478
ca:commute:female+age55_64,ca,commute,2,female+age55_64,12490,4.096562438374136,20.0,47.0,0.0,0.0,0.0,0.0,0.12056737588652482,0.12056737588652482,0.03546099290780142,0.07801418439716312,24.0,27.0,0.06382978723404255,0.026536577211162704
ca:commute:marginal,ca,commute,0,marginal,153782,5.186905504788173,20.0,50.0,0.0,0.0,0.0,0.0,0.1466666666666667,0.1466666666666667,0.013333333333333334,0.02666666666666667,27.0,28.0,0.02,0.009428090415820633
ca:income:marginal,ca,income,0,marginal,138412,5.141173744079282,95200.0,253400.0,661.2223529191976,0.0026094015505887832,1087.6139854205287,0.004292083604658756,0.00173770060510392,0.0012115232833464877,0.011707445409102867,0.11970534069981585,95000.0,96000.0,0.003946329913180742,0.0016115560292926997
ca:income:renter,ca,income,1,renter,80630,4.906496659799353,75000.0,199220.0,0.0,0.0,0.0,0.0,0.030117458086537496,-0.030117458086537496,0.03697754576180437,0.22263494294414884,67000.0,73000.0,0.030117458086537496,0.01419750589672819
ca:income:size1,ca,income,1,size1,33212,4.521295029251213,51000.0,149420.0,701.6088653943876,0.004695548557049844,1154.0438869452657,0.007723490074590187,0.02007763351626288,-0.015615937179315574,0.038839066613126305,0.2707134252442779,44000.0,52000.0,0.05354035604336769,0.02275027668581977
ca:income:size24,ca,income,1,size24,88212,4.945527668797227,110000.0,275300.0,22.360679774997898,8.122295595713003e-05,36.78004522900572,0.00013359987369780503,0.006054001695120475,-0.006054001695120475,0.030875408645114417,0.17241796827703113,107000.0,110000.0,0.010897203051216855,0.004530400032417898
ca:income:size24+renter,ca,income,2,size24+renter,48140,4.6825060859390115,87200.0,218800.0,758.3369963281497,0.0034658912080811227,1247.3533588618423,0.005700883724231455,0.05728214503351614,-0.05728214503351614,0.026660572821450335,0.34567336989640457,72000.0,78000.0,0.027422303473491772,0.011400540483771914
ca:wages:age25_34,ca,wages,1,age25_34,41834,4.6215293920698475,48000.0,116800.0,22.360679774997898,0.00019144417615580392,36.78004522900572,0.00031489764750861066,0.025684931506849317,0.008561643835616438,0.016552511415525113,0.11986301369863013,45000.0,52000.0,0.059931506849315065,0.025204796992944766
ca:wages:age25_34+female,ca,wages,2,age25_34+female,19817,4.29703790937936,45000.0,105000.0,529.1502622129182,0.005039526306789697,870.374728003241,0.00828928312384039,0.034920634920634915,-0.02857142857142857,0.022222222222222223,0.1619047619047619,40000.0,46000.0,0.05714285714285714,0.026937401188058954
ca:wages:age25_34+female+bach,ca,wages,3,age25_34+female+bach,11062,4.043833654133147,65000.0,132000.0,316.22776601683796,0.002395664894066954,520.1483878755574,0.003940518089966344,0.036616161616161616,-0.0012626262626262614,0.032828282828282825,0.11868686868686869,58500.0,72000.0,0.10227272727272728,0.04199062916241387
ca:wages:age55_64,ca,wages,1,age55_64,31764,4.501935187348973,60000.0,165000.0,591.6079783099616,0.0035855028988482523,973.1085288565682,0.005897627447615565,0.00707070707070707,-0.00707070707070707,0.006464646464646465,0.1777777777777778,58000.0,60000.0,0.012121212121212121,0.005150524761204833
ca:wages:age55_64+bach,ca,wages,2,age55_64+bach,12785,4.106700732362354,100000.0,227000.0,0.0,0.0,0.0,0.0,0.06167400881057269,-0.06167400881057269,0.011747430249632894,0.21292217327459617,85000.0,88000.0,0.013215859030837005,0.006230015693273546
ca:wages:bach,ca,wages,1,bach,80141,4.903854757260299,85000.0,200000.0,0.0,0.0,0.0,0.0,0.04833333333333334,-0.04833333333333334,0.021666666666666667,0.225,75000.0,76000.0,0.005,0.0023570226039551583
ca:wages:female,ca,wages,1,female,89077,4.949765582122831,42000.0,121600.0,67.08203932499369,0.000551661507606856,110.34013568701715,0.0009074024316366542,0.01644736842105263,-0.01644736842105263,0.009046052631578946,0.1617324561403509,40000.0,40000.0,0.0,0.0
ca:wages:female+bach,ca,wages,2,female+bach,40860,4.611298362296429,75000.0,165000.0,0.0,0.0,0.0,0.0,0.07878787878787878,-0.07878787878787878,0.010101010101010102,0.2222222222222222,62000.0,62000.0,0.0,0.0
ca:wages:marginal,ca,wages,0,marginal,187633,5.273309222409419,50000.0,140000.0,0.0,0.0,0.0,0.0,0.011904761904761904,0.002380952380952381,0.02738095238095238,0.08809523809523807,48000.0,53000.0,0.03571428571428571,0.014677176197545182
ny:commute:age25_34,ny,commute,1,age25_34,17201,4.235553695852755,30.0,50.0,0.0,0.0,0.0,0.0,0.02,0.02,0.02666666666666667,0.10666666666666667,30.0,32.0,0.04,0.01632993161855452
ny:commute:age25_34+female,ny,commute,2,age25_34+female,8320,3.920123326290724,30.0,50.0,0.0,0.0,0.0,0.0,0.006666666666666667,-0.006666666666666667,0.006666666666666667,0.13333333333333333,29.0,30.0,0.02,0.009428090415820633
ny:commute:age55_64,ny,commute,1,age55_64,16188,4.209193195719529,30.0,50.0,4.183300132670378,0.08366600265340755,6.880916395849446,0.13761832791698891,0.013333333333333334,-0.013333333333333334,0.006666666666666667,0.15333333333333335,28.0,30.0,0.04,0.018856180831641266
ny:commute:female,ny,commute,1,female,40623,4.608771992809204,25.0,52.0,0.0,0.0,0.0,0.0,0.09615384615384616,0.09615384615384616,0.038461538461538464,0.11538461538461538,30.0,30.0,0.0,0.0
ny:commute:female+age55_64,ny,commute,2,female+age55_64,8094,3.9081632000555477,25.0,50.0,0.0,0.0,0.0,0.0,0.05333333333333334,0.05333333333333334,0.013333333333333334,0.10666666666666665,27.0,29.0,0.04,0.018856180831641266
ny:commute:marginal,ny,commute,0,marginal,83093,4.919564439073863,30.0,51.0,0.7745966692414834,0.015188169985127125,1.2740981408263838,0.02498231648679184,0.0392156862745098,-0.0392156862745098,0.026143790849673203,0.11111111111111112,26.0,30.0,0.0784313725490196,0.03201947376187161
ny:income:marginal,ny,income,0,marginal,78891,4.897027461089257,82000.0,237000.0,535.7984695760151,0.002260753036185718,881.3100559971565,0.003718607831211631,0.0,0.0,0.0180028129395218,0.12686357243319268,82000.0,82000.0,0.0,0.0
ny:income:renter,ny,income,1,renter,49292,4.6927764398090615,65000.0,200400.0,152.9215485142627,0.0007630815794124885,251.5335637127205,0.0012551575035564895,0.054890219560878244,-0.054890219560878244,0.020292747837658016,0.37092481703260144,52000.0,56000.0,0.01996007984031936,0.008148668472332594
ny:income:size1,ny,income,1,size1,23208,4.365637715794608,43400.0,130100.0,760.7693474371848,0.005847573769693965,1251.3542204055582,0.009618402923947411,0.003586984370996669,-0.00051242633871381,0.04432487829874456,0.17934921854983346,43000.0,44000.0,0.007686395080707148,0.003623401389631297
ny:income:size24,ny,income,1,size24,48838,4.688757870531881,102000.0,255400.0,469.14816422959603,0.0018369152867251215,771.680059510676,0.0030214567717724195,0.014356564865570349,-0.014356564865570349,0.03719655442443226,0.17058209344818584,95000.0,102000.0,0.0274079874706343,0.011227258244639294
ny:income:size24+renter,ny,income,2,size24+renter,28342,4.452430493699599,84800.0,230100.0,763.6589552935263,0.003318813365030536,1256.107202368529,0.005458962200645498,0.08720846008981602,-0.08720846008981602,0.023612921918006662,0.4172099087353325,62000.0,67000.0,0.0217296827466319,0.008986274036952527
ny:wages:age25_34,ny,wages,1,age25_34,20818,4.318439004200192,50000.0,115700.0,387.2983346207417,0.0033474359085630223,637.0490704131919,0.005506042095187484,0.01728608470181504,0.01728608470181504,0.009219245174301354,0.12964563526361278,52000.0,52000.0,0.0,0.0
ny:wages:age25_34+female,ny,wages,2,age25_34+female,10366,4.015611204503513,50000.0,108000.0,703.9176088151227,0.006517755637177062,1157.841431934562,0.010720753999394093,0.04938271604938271,-0.04938271604938271,0.0030864197530864196,0.22839506172839505,43000.0,46000.0,0.027777777777777776,0.011548325267820805
ny:wages:age25_34+female+bach,ny,wages,3,age25_34+female+bach,6614,3.820464190577684,65000.0,125000.0,0.0,0.0,0.0,0.0,0.029333333333333333,-0.029333333333333333,0.036,0.19999999999999998,60000.0,62000.0,0.016,0.007542472332656507
ny:wages:age55_64,ny,wages,1,age55_64,18710,4.27207378750001,57000.0,138600.0,1396.4240043768941,0.010075209266788558,2296.913088361433,0.016572244504772245,0.019240019240019238,0.009620009620009619,0.006734006734006734,0.050505050505050504,55000.0,62000.0,0.050505050505050504,0.02068861295585047
ny:wages:age55_64+bach,ny,wages,2,age55_64+bach,7390,3.8686444383948255,90000.0,213000.0,387.2983346207417,0.0018183020404729656,637.0490704131919,0.0029908407061652203,0.06259780907668232,-0.06259780907668232,0.02347417840375587,0.24882629107981222,72000.0,80000.0,0.03755868544600939,0.015959372499507934
ny:wages:bach,ny,wages,1,bach,45353,4.656606019959583,78000.0,181000.0,547.7225575051662,0.0030260914779290946,900.9234352755088,0.004977477542958612,0.040515653775322284,-0.040515653775322284,0.020257826887661142,0.16574585635359115,67000.0,77000.0,0.055248618784530384,0.024844820558438382
ny:wages:female,ny,wages,1,female,50085,4.699707678110052,44000.0,118000.0,790.5694150420949,0.006699740805441482,1300.3709696888934,0.011020092963465199,0.011299435028248588,-0.005649717514124294,0.031073446327683617,0.11299435028248588,42000.0,45000.0,0.025423728813559324,0.010569653634954638
ny:wages:female+bach,ny,wages,2,female+bach,24371,4.386873349684179,70000.0,145000.0,0.0,0.0,0.0,0.0,0.06436781609195402,-0.06436781609195402,0.016091954022988506,0.1310344827586207,58000.0,62000.0,0.027586206896551724,0.013004262642511219
ny:wages:marginal,ny,wages,0,marginal,99944,4.999756726967326,50000.0,140200.0,0.0,0.0,0.0,0.0,0.0,0.0,0.02282453637660485,0.11174512601046123,50000.0,50000.0,0.0,0.0
