cell,arm,pilot_cell,state,outcome,depth,shift_p10,shift_p50,shift_p90,baseline_p10_error,baseline_p50_error,baseline_p90_error,transformed_p10_error,transformed_p50_error,transformed_p90_error
ca:income:size24+renter,scaled_units,True,ca,income,2,0.013711151736745886,0.03656307129798903,0.04570383912248629,0.015996343692870202,0.06946983546617916,0.3578610603290676,0.029707495429616086,0.03290676416819013,0.31215722120658135
ca:income:marginal,reverse_order,True,ca,income,0,0.03157063930544594,0.003946329913180742,0.07892659826361484,0.0015785319652722968,0.0031570639305445935,0.09865824782951854,0.03314917127071823,0.0007892659826361484,0.17758484609313338
ca:wages:female+bach,reverse_order,True,ca,wages,2,0.01818181818181818,0.03636363636363636,0.0,0.012121212121212121,0.07878787878787878,0.15151515151515152,0.030303030303030304,0.04242424242424243,0.15151515151515152
ca:income:size24+renter,verbal_definition,True,ca,income,2,0.018281535648994516,0.03656307129798903,0.06855575868372943,0.015996343692870202,0.06946983546617916,0.3578610603290676,0.034277879341864714,0.03290676416819013,0.2893053016453382
ca:wages:female+bach,verbal_definition,True,ca,wages,2,0.01818181818181818,0.006060606060606061,0.030303030303030304,0.012121212121212121,0.07878787878787878,0.15151515151515152,0.030303030303030304,0.07272727272727272,0.18181818181818182
ca:income:marginal,scaled_units,True,ca,income,0,0.02367797947908445,0.0,0.05919494869771113,0.0015785319652722968,0.0031570639305445935,0.09865824782951854,0.025256511444356748,0.0031570639305445935,0.15785319652722968
ca:commute:age25_34+female,reverse_order,True,ca,commute,2,0.044444444444444446,0.022222222222222223,0.0,0.044444444444444446,0.17777777777777778,0.1111111111111111,0.0,0.15555555555555556,0.1111111111111111
ca:commute:age25_34+female,scaled_units,True,ca,commute,2,0.03999999999999997,0.022222222222222223,0.0,0.044444444444444446,0.17777777777777778,0.1111111111111111,0.004444444444444468,0.15555555555555556,0.1111111111111111
ca:wages:female+bach,scaled_units,True,ca,wages,2,0.012121212121212121,0.012121212121212121,0.09090909090909091,0.012121212121212121,0.07878787878787878,0.15151515151515152,0.0,0.09090909090909091,0.24242424242424243
ca:commute:age25_34+female,verbal_definition,True,ca,commute,2,0.08888888888888889,0.044444444444444446,0.1111111111111111,0.044444444444444446,0.17777777777777778,0.1111111111111111,0.044444444444444446,0.13333333333333333,0.0
ca:income:marginal,verbal_definition,True,ca,income,0,0.01973164956590371,0.0,0.05919494869771113,0.0015785319652722968,0.0031570639305445935,0.09865824782951854,0.021310181531176007,0.0031570639305445935,0.15785319652722968
ny:income:marginal,reverse_order,True,ny,income,0,0.0,0.004219409282700422,0.10548523206751055,0.010970464135021098,0.0,0.1620253164556962,0.010970464135021098,0.004219409282700422,0.056540084388185655
ny:wages:female+bach,verbal_definition,True,ny,wages,2,0.027586206896551724,0.020689655172413793,0.020689655172413793,0.006896551724137931,0.05517241379310345,0.10344827586206896,0.034482758620689655,0.034482758620689655,0.12413793103448276
ny:wages:age25_34+female+bach,reverse_order,True,ny,wages,3,0.072,0.0,0.056,0.016,0.024,0.16,0.056,0.024,0.216
ny:income:marginal,verbal_definition,True,ny,income,0,0.008438818565400843,0.0,0.06329113924050633,0.010970464135021098,0.0,0.1620253164556962,0.019409282700421943,0.0,0.09873417721518987
ny:wages:female+bach,reverse_order,True,ny,wages,2,0.0034482758620689655,0.006896551724137931,0.034482758620689655,0.006896551724137931,0.05517241379310345,0.10344827586206896,0.010344827586206896,0.06206896551724138,0.13793103448275862
ny:income:marginal,scaled_units,True,ny,income,0,0.012658227848101266,0.0,0.02109704641350211,0.010970464135021098,0.0,0.1620253164556962,0.02362869198312236,0.0,0.1409282700421941
ca:income:size24+renter,reverse_order,True,ca,income,2,0.018281535648994516,0.027422303473491772,0.06855575868372943,0.015996343692870202,0.06946983546617916,0.3578610603290676,0.034277879341864714,0.04204753199268738,0.2893053016453382
ny:wages:age25_34+female+bach,scaled_units,True,ny,wages,3,0.04,0.016,0.04,0.016,0.024,0.16,0.024,0.04,0.2
ny:commute:marginal,reverse_order,True,ny,commute,0,0.0392156862745098,0.058823529411764705,0.058823529411764705,0.0196078431372549,0.0392156862745098,0.0392156862745098,0.058823529411764705,0.0196078431372549,0.09803921568627451
ny:wages:female+bach,scaled_units,True,ny,wages,2,0.0,0.0,0.0,0.006896551724137931,0.05517241379310345,0.10344827586206896,0.006896551724137931,0.05517241379310345,0.10344827586206896
ny:wages:age25_34+female+bach,verbal_definition,True,ny,wages,3,0.0,0.016,0.04,0.016,0.024,0.16,0.016,0.008,0.12
ny:commute:marginal,scaled_units,True,ny,commute,0,0.003921568627451001,0.0392156862745098,0.16078431372548999,0.0196078431372549,0.0392156862745098,0.0392156862745098,0.023529411764705903,0.0,0.1999999999999998
ny:commute:marginal,verbal_definition,True,ny,commute,0,0.0,0.0392156862745098,0.1568627450980392,0.0196078431372549,0.0392156862745098,0.0392156862745098,0.0196078431372549,0.0,0.19607843137254902
ca:wages:age25_34,reverse_order,False,ca,wages,1,0.008561643835616438,0.0,0.025684931506849314,0.023972602739726026,0.03424657534246575,0.10273972602739725,0.032534246575342464,0.03424657534246575,0.1284246575342466
ca:wages:marginal,scaled_units,False,ca,wages,0,0.03214285714285714,0.007142857142857143,0.014285714285714285,0.039285714285714285,0.02142857142857143,0.08571428571428572,0.007142857142857143,0.014285714285714285,0.07142857142857142
ca:income:size1,scaled_units,False,ca,income,1,0.0,0.006692544505420961,0.13385089010841922,0.03326194619194218,0.046847811537946725,0.3376388702984875,0.03326194619194218,0.04015526703252577,0.20378798019006827
ca:wages:age25_34,verbal_definition,False,ca,wages,1,0.0,0.0,0.059931506849315065,0.023972602739726026,0.03424657534246575,0.10273972602739725,0.023972602739726026,0.03424657534246575,0.04280821917808219
ca:wages:age25_34+female+bach,reverse_order,False,ca,wages,3,0.015151515151515152,0.007575757575757576,0.07575757575757576,0.0,0.007575757575757576,0.15151515151515152,0.015151515151515152,0.0,0.22727272727272727
ca:income:size1,reverse_order,False,ca,income,1,0.0033462722527104805,0.026770178021683844,0.20077633516262883,0.03326194619194218,0.046847811537946725,0.3376388702984875,0.03660821844465266,0.020077633516262884,0.13686253513585867
ca:wages:marginal,reverse_order,False,ca,wages,0,0.0035714285714285713,0.007142857142857143,0.05,0.039285714285714285,0.02142857142857143,0.08571428571428572,0.03571428571428571,0.014285714285714285,0.03571428571428571
ca:wages:marginal,verbal_definition,False,ca,wages,0,0.017857142857142856,0.02142857142857143,0.05,0.039285714285714285,0.02142857142857143,0.08571428571428572,0.02142857142857143,0.0,0.03571428571428571
ca:income:size1,verbal_definition,False,ca,income,1,0.0033462722527104805,0.0033462722527104805,0.033462722527104805,0.03326194619194218,0.046847811537946725,0.3376388702984875,0.03660821844465266,0.04350153928523625,0.3041761477713827
ca:wages:age25_34+female+bach,scaled_units,False,ca,wages,3,0.045454545454545456,0.030303030303030304,0.03787878787878788,0.0,0.007575757575757576,0.15151515151515152,0.045454545454545456,0.022727272727272728,0.11363636363636363
ca:wages:age25_34+female+bach,verbal_definition,False,ca,wages,3,0.07575757575757576,0.045454545454545456,0.03787878787878788,0.0,0.007575757575757576,0.15151515151515152,0.07575757575757576,0.03787878787878788,0.11363636363636363
ca:commute:female,reverse_order,False,ca,commute,1,0.023809523809523808,0.0,0.11904761904761904,0.047619047619047616,0.14285714285714285,0.23809523809523808,0.07142857142857142,0.14285714285714285,0.11904761904761904
ca:commute:female,verbal_definition,False,ca,commute,1,0.0,0.023809523809523808,0.0,0.047619047619047616,0.14285714285714285,0.23809523809523808,0.047619047619047616,0.11904761904761904,0.23809523809523808
ca:wages:age25_34,scaled_units,False,ca,wages,1,0.008561643835616438,0.017123287671232876,0.025684931506849314,0.023972602739726026,0.03424657534246575,0.10273972602739725,0.015410958904109588,0.017123287671232876,0.1284246575342466
ny:income:size1,reverse_order,False,ny,income,1,0.0015372790161414297,0.003843197540353574,0.023059185242121444,0.03920061491160646,0.0030745580322828594,0.1921598770176787,0.04073789392774789,0.0007686395080707148,0.16910069177555725
ca:commute:marginal,verbal_definition,False,ca,commute,0,0.02,0.02,0.0,0.0,0.14,0.04,0.02,0.16,0.04
ca:commute:marginal,reverse_order,False,ca,commute,0,0.04,0.0,0.04,0.0,0.14,0.04,0.04,0.14,0.0
ca:commute:marginal,scaled_units,False,ca,commute,0,0.004000000000000021,0.012000000000000028,0.11599999999999994,0.0,0.14,0.04,0.004000000000000021,0.15200000000000002,0.15599999999999994
ca:commute:female,scaled_units,False,ca,commute,1,0.01904761904761902,0.019047619047619063,0.0,0.047619047619047616,0.14285714285714285,0.23809523809523808,0.06666666666666664,0.12380952380952379,0.23809523809523808
ny:income:size24+renter,scaled_units,False,ny,income,2,0.0217296827466319,0.01303780964797914,0.0217296827466319,0.026510212950890916,0.09908735332464146,0.4172099087353325,0.0047805302042590175,0.08604954367666232,0.4389395914819644
ny:income:size24+renter,verbal_definition,False,ny,income,2,0.01303780964797914,0.01303780964797914,0.0217296827466319,0.026510212950890916,0.09908735332464146,0.4172099087353325,0.013472403302911778,0.08604954367666232,0.3954802259887006
ny:income:size1,verbal_definition,False,ny,income,1,0.0,0.030745580322828592,0.11529592621060722,0.03920061491160646,0.0030745580322828594,0.1921598770176787,0.03920061491160646,0.027671022290545733,0.07686395080707148
ny:income:size24+renter,reverse_order,False,ny,income,2,0.00651890482398957,0.01303780964797914,0.01303780964797914,0.026510212950890916,0.09908735332464146,0.4172099087353325,0.03302911777488049,0.08604954367666232,0.4302477183833116
ny:income:size1,scaled_units,False,ny,income,1,0.0,0.015372790161414296,0.07686395080707148,0.03920061491160646,0.0030745580322828594,0.1921598770176787,0.03920061491160646,0.012298232129131437,0.11529592621060722
ny:wages:marginal,scaled_units,False,ny,wages,0,0.028530670470756064,0.028530670470756064,0.04992867332382311,0.029957203994293864,0.0,0.09985734664764621,0.0014265335235378032,0.028530670470756064,0.14978601997146934
ny:wages:marginal,verbal_definition,False,ny,wages,0,0.0,0.03566333808844508,0.0,0.029957203994293864,0.0,0.09985734664764621,0.029957203994293864,0.03566333808844508,0.09985734664764621
ny:commute:female,reverse_order,False,ny,commute,1,0.0,0.038461538461538464,0.057692307692307696,0.038461538461538464,0.09615384615384616,0.09615384615384616,0.038461538461538464,0.057692307692307696,0.038461538461538464
ny:wages:age25_34,reverse_order,False,ny,wages,1,0.00432152117545376,0.02592912705272256,0.08643042350907519,0.01901469317199654,0.01728608470181504,0.12964563526361278,0.014693171996542784,0.043215211754537596,0.043215211754537596
ny:commute:female,verbal_definition,False,ny,commute,1,0.0,0.038461538461538464,0.057692307692307696,0.038461538461538464,0.09615384615384616,0.09615384615384616,0.038461538461538464,0.057692307692307696,0.038461538461538464
ny:wages:marginal,reverse_order,False,ny,wages,0,0.014265335235378032,0.014265335235378032,0.03566333808844508,0.029957203994293864,0.0,0.09985734664764621,0.015691868758915834,0.014265335235378032,0.1355206847360913
ny:wages:age25_34,verbal_definition,False,ny,wages,1,0.00432152117545376,0.02592912705272256,0.043215211754537596,0.01901469317199654,0.01728608470181504,0.12964563526361278,0.023336214347450302,0.043215211754537596,0.08643042350907519
ny:wages:age25_34,scaled_units,False,ny,wages,1,0.01296456352636128,0.0,0.08643042350907519,0.01901469317199654,0.01728608470181504,0.12964563526361278,0.006050129645635264,0.01728608470181504,0.043215211754537596
ny:commute:female,scaled_units,False,ny,commute,1,0.0038461538461538668,0.0,0.19230769230769232,0.038461538461538464,0.09615384615384616,0.09615384615384616,0.04230769230769233,0.09615384615384616,0.28846153846153844
ny:commute:age25_34+female,reverse_order,False,ny,commute,2,0.0,0.0,0.06,0.02,0.02,0.1,0.02,0.02,0.04
ny:commute:age25_34+female,verbal_definition,False,ny,commute,2,0.02,0.02,0.0,0.02,0.02,0.1,0.0,0.04,0.1
ny:commute:age25_34+female,scaled_units,False,ny,commute,2,0.01599999999999998,0.02,0.10399999999999977,0.02,0.02,0.1,0.004000000000000021,0.0,0.20399999999999976
