group_type,group,coverage,median_error_iqr,width_iqr
prompt_variant,0,0.75,0.04375926764935318,0.11142987250445027
prompt_variant,1,0.55,0.046781929274858414,0.08709636765609394
prompt_variant,2,0.525,0.0491818149345781,0.07572825202722823
outcome,income,0.7,0.028713399870923258,0.0686021669067021
outcome,wages,0.6851851851851852,0.037771345612017386,0.09579292878296093
outcome,commute,0.4166666666666667,0.07466293931041533,0.10386934794527619
depth,0,0.8333333333333334,0.03448861187152971,0.07143615078900421
depth,1,0.7166666666666667,0.03603992197534991,0.09015714480241145
depth,2,0.2777777777777778,0.07012550058141491,0.09884487324109126
depth,3,0.8333333333333334,0.046868686868686865,0.11941414141414142
