period,group,slope,ci95_low,ci95_high
2019-2021,All,0.1216907138500624,-0.08494555316830689,0.360249074808986
2019-2021,Income + wages,0.6169892261258276,-0.07173020580415145,1.3796303298272912
2019-2021,Commute,0.09519179182544088,-0.11858192391333182,0.33011200236546473
2021-2023,All,0.019951132940075552,-0.329187068478776,0.3976896520197374
2021-2023,Income + wages,0.820375609380793,0.14737621258676545,1.9006127674011277
2021-2023,Commute,-0.016225558551455757,-0.3920799843168006,0.3333333333333333
2019-2023,All,0.1303091337588066,-0.04034359368582273,0.46081825642387725
2019-2023,Income + wages,0.5316754775234775,0.08026154606961876,1.144173387407726
2019-2023,Commute,0.04743043292247633,-0.16245118654250523,0.2717872968980798
